<?xml version='1.0'?>
<document>

<install>
	<param name="name" value="msvhost" />
	<param name="version" value="1.0.11"/>
	<param name="date" value="13.07.2018"/>
	<param name="title" value="msvhost"/>
	<param name="description" value="MSVHOST website builder"/>
	<param name="tags" value="msvhost"/>
	<param name="author" value="max@msvhost.com"/>
	<param name="preview" value="images/module_preview/msvhost.jpg"/>

	<param name="installHook" value="Install_Msvhost"/>

	<dependency module="msv-core" version="1.5" />
	<dependency module="fancybox" version="1.0" />
	<dependency module="paper-bootstrap-wizard" version="1.0" />

	<file dir="module" path="msvhost/msvhost.php"/>
	<file dir="module" path="msvhost/msvhost.install.php"/>
	<file dir="module" path="msvhost/msvhost.functions.php"/>
	<file dir="module" path="msvhost/msvhost.api.php"/>
	<file dir="module" path="msvhost/config.xml"/>
	<file dir="module" path="msvhost/config.locales.xml"/>
	<file dir="module" path="msvhost/config.install.xml"/>
	<file dir="module" path="msvhost/doc/en-email-notify.html"/>
	<file dir="module" path="msvhost/doc/en-email-admin-notify.html"/>
	<file dir="content" path="css/msvhost.css"/>
	<file dir="content" path="js/msvhost.js"/>
	<file dir="content" path="sitograph-install.sh"/>
	<file dir="content" path="sitograph-production.sh"/>
	<file dir="content" path="sitograph-production-install.sh"/>
	<file dir="content" path="images/bg-5.jpg"/>
	<file dir="content" path="images/en.svg"/>
	<file dir="content" path="images/ru.svg"/>
	<file dir="content" path="images/msvhost-logo-120.png"/>
	<file dir="content" path="images/module_preview/msvhost.jpg"/>
	<file dir="template" path="msvhost/create.tpl"/>
	<file dir="template" path="msvhost/index.tpl"/>
	<file dir="template" path="msvhost/main.tpl"/>
	<file dir="template" path="msvhost/user.tpl"/>
	<file dir="template" path="msvhost/user-login.tpl"/>
	<file dir="template" path="msvhost/user-password-reset.tpl"/>
	<file dir="template" path="msvhost/user-settings.tpl"/>
	<file dir="template" path="msvhost/user-signup.tpl"/>
	<file dir="template" path="msvhost/user/homepage.tpl"/>
	<file dir="template" path="msvhost/user/login.tpl"/>
	<file dir="template" path="msvhost/user/settings.tpl"/>
	<file dir="template" path="msvhost/user/signup.tpl"/>
	<file dir="template" path="msvhost/widget/footer.tpl"/>
	<file dir="template" path="msvhost/widget/header.tpl"/>
	<file dir="template" path="msvhost/widget/menu-top.tpl"/>
	<file dir="template" path="msvhost/widget/messages.tpl"/>
	<file dir="template" path="msvhost/widget/navigation.tpl"/>
	<file dir="template" path="msvhost/widget/pagination.tpl"/>
	<file dir="template" path="msvhost/widget/block_instance.tpl"/>
	<file dir="template" path="msvhost/wizard/architecture.tpl"/>
	<file dir="template" path="msvhost/wizard/confirm.tpl"/>
	<file dir="template" path="msvhost/wizard/deployment.tpl"/>
	<file dir="template" path="msvhost/wizard/general.tpl"/>
	<file dir="template" path="msvhost/wizard/success.tpl"/>
	<file dir="template" path="msvhost/wizard/login-required.tpl"/>
	<file dir="template" path="msvhost/wizard/paper-bootstrap-wizard.tpl"/>
	<file dir="template" path="msvhost/wizard/website_type.tpl"/>
</install>
</document>